City_ID,City,Country,Date,Lat,Lng,Max Temp,Humidity,Cloudiness,Wind Speed
0,Aklavik,CA,2021-10-10 20:18:07,68.2191,-135.0107,30.92,81,100,10.13
1,Ushuaia,AR,2021-10-10 20:18:08,-54.8,-68.3,51.46,35,40,24.16
2,Kaitong,CN,2021-10-10 20:18:10,44.8135,123.15,42.01,51,0,7.99
3,Port Said,EG,2021-10-10 20:18:10,31.2565,32.2841,77.4,69,0,13.67
4,Sao Filipe,CV,2021-10-10 20:18:12,14.8961,-24.4956,81.39,70,0,5.61
5,Rikitea,PF,2021-10-10 20:18:13,-23.1203,-134.9692,74.64,81,95,18.81
6,Carnarvon,AU,2021-10-10 20:18:14,-24.8667,113.6333,62.67,82,0,14.97
7,Albany,US,2021-10-10 20:18:15,42.6001,-73.9662,67.17,77,97,1.01
8,Lebu,CL,2021-10-10 20:18:16,-37.6167,-73.65,55.54,72,17,10.78
9,Avarua,CK,2021-10-10 20:18:18,-21.2078,-159.775,77.05,73,100,9.22
10,Riyadh,SA,2021-10-10 20:18:19,24.6877,46.7219,82.54,16,0,6.6
11,Ndele,CF,2021-10-10 20:18:20,8.4109,20.6473,73.4,95,100,4.25
12,Bengkulu,ID,2021-10-10 20:17:21,-3.8004,102.2655,75.52,90,94,4.16
13,Vaini,TO,2021-10-10 20:18:22,-21.2,-175.2,75.36,88,75,4.61
14,Ribeira Grande,PT,2021-10-10 20:18:24,38.5167,-28.7,73.8,88,40,16.11
15,Ponta Do Sol,PT,2021-10-10 20:18:25,32.6667,-17.1,73.0,72,19,4.25
16,Atuona,PF,2021-10-10 20:18:27,-9.8,-139.0333,78.28,77,48,19.26
17,Nouadhibou,MR,2021-10-10 20:18:28,20.931,-17.0347,69.78,83,0,16.11
18,Klaksvik,FO,2021-10-10 20:18:29,62.2266,-6.589,41.92,72,100,21.45
19,Punta Arenas,CL,2021-10-10 20:18:31,-53.15,-70.9167,51.91,37,20,34.52
20,Cape Town,ZA,2021-10-10 20:15:39,-33.9258,18.4232,65.12,70,0,4.61
21,Aykhal,RU,2021-10-10 20:18:33,66.0,111.5,20.12,94,100,13.76
22,Provideniya,RU,2021-10-10 20:18:34,64.3833,-173.3,32.11,74,75,6.71
23,Nizhniy Tsasuchey,RU,2021-10-10 20:18:36,50.5167,115.1333,37.63,58,0,5.57
24,Qaanaaq,GL,2021-10-10 20:18:36,77.484,-69.3632,29.62,90,100,8.3
25,Talnakh,RU,2021-10-10 20:18:37,69.4865,88.3972,20.71,96,93,5.41
26,Sterling,US,2021-10-10 20:18:39,39.0062,-77.4286,72.77,87,90,8.01
27,Byron Bay,AU,2021-10-10 20:18:40,-28.65,153.6167,69.91,84,27,12.88
28,Aanekoski,FI,2021-10-10 20:18:40,62.6946,25.818,50.07,100,100,11.36
29,Thompson,CA,2021-10-10 20:18:42,55.7435,-97.8558,50.16,81,75,4.61
30,Butaritari,KI,2021-10-10 20:18:42,3.0707,172.7902,81.23,70,65,11.32
31,Busselton,AU,2021-10-10 20:18:44,-33.65,115.3333,54.09,75,94,14.54
32,Bloemfontein,ZA,2021-10-10 20:18:45,-29.1211,26.214,56.68,51,0,8.05
33,Inuvik,CA,2021-10-10 20:18:46,68.3499,-133.7218,30.96,100,90,5.75
34,Naze,JP,2021-10-10 20:18:48,28.3667,129.4833,76.89,87,63,16.11
35,Harper,LR,2021-10-10 20:18:48,4.375,-7.7169,77.86,89,97,9.89
36,Taunggyi,MM,2021-10-10 20:18:49,20.7833,97.0333,63.14,97,100,2.66
37,Saint George,US,2021-10-10 20:18:50,37.1041,-113.5841,72.07,32,1,1.99
38,Airai,TL,2021-10-10 20:18:50,-8.9266,125.4092,60.62,71,100,1.1
39,Sri Aman,MY,2021-10-10 20:18:51,1.2376,111.4621,73.45,94,100,0.0
40,Cayenne,GF,2021-10-10 20:18:51,4.9333,-52.3333,86.04,76,0,3.0
41,Grand Gaube,MU,2021-10-10 20:18:52,-20.0064,57.6608,72.0,91,98,5.01
42,Cairns,AU,2021-10-10 20:14:16,-16.9167,145.7667,69.75,90,5,6.91
43,Port Lincoln,AU,2021-10-10 20:18:54,-34.7333,135.8667,49.42,65,4,9.84
44,Yellowknife,CA,2021-10-10 20:18:55,62.456,-114.3525,38.41,100,90,14.97
45,Montague,US,2021-10-10 20:18:56,42.5356,-72.5351,64.49,75,100,3.74
46,Mulege,MX,2021-10-10 20:18:57,26.8833,-111.9833,86.32,30,0,14.65
47,Mana,GF,2021-10-10 20:18:58,5.6592,-53.7767,82.92,77,100,11.03
48,Mataura,NZ,2021-10-10 20:19:00,-46.1927,168.8643,47.48,83,100,2.13
49,Tiarei,PF,2021-10-10 20:19:00,-17.5333,-149.3333,84.22,75,30,9.28
50,Kovdor,RU,2021-10-10 20:19:02,67.5662,30.4758,45.1,98,100,2.06
51,Weinan,CN,2021-10-10 20:19:03,34.5036,109.5089,46.09,86,100,1.16
52,Irituia,BR,2021-10-10 20:19:03,-1.7711,-47.4381,80.42,78,78,4.07
53,Salinopolis,BR,2021-10-10 20:19:05,-0.6136,-47.3561,82.99,71,75,13.87
54,Pinyug,RU,2021-10-10 20:19:06,60.251,47.7842,45.57,91,100,6.78
55,Jamestown,US,2021-10-10 20:15:36,42.097,-79.2353,72.99,70,40,8.01
56,Puerto Escondido,MX,2021-10-10 20:19:08,15.85,-97.0667,88.63,55,40,8.05
57,Mhango,TZ,2021-10-10 20:19:09,-3.2833,32.85,75.83,60,37,5.99
58,Clarksburg,US,2021-10-10 20:19:10,39.2807,-80.3445,82.31,49,1,3.44
59,Milkovo,RU,2021-10-10 20:19:11,54.7167,158.6167,32.79,76,100,4.07
60,Leningradskiy,RU,2021-10-10 20:19:13,69.3833,178.4167,19.51,90,100,4.47
61,Igmaya-An,PH,2021-10-10 20:19:14,10.5499,123.2206,71.55,96,100,10.13
62,Azul,AR,2021-10-10 20:19:15,-36.777,-59.8585,66.34,78,100,8.05
63,East London,ZA,2021-10-10 20:15:29,-33.0153,27.9116,60.58,68,5,17.09
64,Rocha,UY,2021-10-10 20:19:16,-34.4833,-54.3333,60.4,76,100,13.06
65,San Quintin,MX,2021-10-10 20:19:18,30.4833,-115.95,73.02,54,0,9.89
66,Praia,CV,2021-10-10 20:19:19,14.9215,-23.5087,79.34,78,0,19.57
67,Yerofey Pavlovich,RU,2021-10-10 20:19:20,53.9667,121.9667,31.15,79,1,5.01
68,Barrow,US,2021-10-10 20:19:22,71.2906,-156.7887,28.42,74,90,8.05
69,Flinders,AU,2021-10-10 20:19:23,-34.5833,150.8552,51.21,87,100,3.0
70,New Norfolk,AU,2021-10-10 20:19:24,-42.7826,147.0587,42.93,73,85,2.37
71,Mehamn,NO,2021-10-10 20:19:24,71.0357,27.8492,42.98,93,40,9.22
72,Cabo San Lucas,MX,2021-10-10 20:19:26,22.8909,-109.9124,95.61,62,40,5.01
73,Castro,BR,2021-10-10 20:19:27,-24.7911,-50.0119,58.26,92,100,9.64
74,Saldanha,ZA,2021-10-10 20:19:28,-33.0117,17.9442,62.65,60,83,9.53
75,Yar-Sale,RU,2021-10-10 20:19:30,66.8333,70.8333,27.97,77,38,10.4
76,Geraldton,AU,2021-10-10 20:19:32,-28.7667,114.6,48.61,93,14,6.91
77,Kankon,IN,2021-10-10 20:19:33,15.0167,74.0167,78.6,89,40,3.29
78,Khatanga,RU,2021-10-10 20:19:33,71.9667,102.5,16.77,96,100,4.85
79,Kruisfontein,ZA,2021-10-10 20:19:35,-34.0033,24.7314,53.51,75,14,7.47
80,Ulladulla,AU,2021-10-10 20:15:16,-35.35,150.4667,46.87,83,100,10.16
81,Codrington,AU,2021-10-10 20:19:37,-38.2667,141.9667,47.21,70,76,10.54
82,Bambous Virieux,MU,2021-10-10 20:19:38,-20.3428,57.7575,71.85,94,75,6.91
83,Tutoia,BR,2021-10-10 20:19:39,-2.7619,-42.2744,84.18,72,10,13.91
84,Hobart,AU,2021-10-10 20:16:45,-42.8794,147.3294,43.27,83,20,8.05
85,Luena,AO,2021-10-10 20:19:41,-11.7833,19.9167,74.14,33,22,2.68
86,Puerto Ayora,EC,2021-10-10 20:19:42,-0.7393,-90.3518,76.96,80,66,8.01
87,Lata,PT,2021-10-10 20:19:44,40.1629,-8.3327,68.07,50,16,4.34
88,Tasiilaq,GL,2021-10-10 20:19:45,65.6145,-37.6368,33.96,59,1,2.59
89,Port Alfred,ZA,2021-10-10 20:19:47,-33.5906,26.891,60.87,68,11,24.83
90,Vao,NC,2021-10-10 20:19:48,-22.6667,167.4833,69.64,63,4,14.92
91,Fairbanks,US,2021-10-10 20:16:23,64.8378,-147.7164,36.3,95,90,0.0
92,Constitucion,CL,2021-10-10 20:19:49,-35.3333,-72.4167,60.89,59,0,15.95
93,Esperance,AU,2021-10-10 20:19:50,-33.8667,121.9,57.78,47,100,20.62
94,Gotsu,JP,2021-10-10 20:19:51,35.0,132.2167,70.21,83,12,6.4
95,Lockport,US,2021-10-10 20:19:51,41.5895,-88.0578,85.33,63,1,9.22
96,Hambantota,LK,2021-10-10 20:19:53,6.1241,81.1185,79.99,81,100,17.94
97,Vila Velha,BR,2021-10-10 20:19:53,-20.3297,-40.2925,69.75,94,90,2.3
98,Verkhoyansk,RU,2021-10-10 20:19:54,67.5447,133.385,34.09,62,100,5.32
99,Tual,ID,2021-10-10 20:19:56,-5.6667,132.75,82.22,76,100,2.3
100,Opuwo,NA,2021-10-10 20:19:56,-18.0607,13.84,80.42,13,0,5.93
101,Poum,NC,2021-10-10 20:19:58,-20.2333,164.0167,73.27,66,12,21.23
102,Torbay,CA,2021-10-10 20:19:58,47.6666,-52.7314,47.28,76,40,21.85
103,Kampen,NL,2021-10-10 20:20:00,52.555,5.9111,58.05,86,78,4.32
104,Sadiqabad,PK,2021-10-10 20:20:02,28.3062,70.1307,83.98,15,0,10.54
105,Biloela,AU,2021-10-10 20:20:02,-24.4167,150.5,62.82,88,0,0.18
106,Saint-Philippe,RE,2021-10-10 20:20:03,-21.3585,55.7679,71.15,88,11,7.61
107,Sobolevo,RU,2021-10-10 20:20:04,54.4299,31.8996,39.81,71,100,4.38
108,Korla,CN,2021-10-10 20:20:05,41.7597,86.1469,47.53,42,84,1.41
109,Balykshi,KZ,2021-10-10 20:20:06,47.0667,51.8667,39.2,70,0,4.47
110,Norman Wells,CA,2021-10-10 20:20:07,65.282,-126.8329,32.04,93,75,12.66
111,Georgetown,MY,2021-10-10 20:20:08,5.4112,100.3354,79.9,88,20,0.0
112,Bluff,NZ,2021-10-10 20:20:09,-46.6,168.3333,46.8,91,100,7.52
113,Bredasdorp,ZA,2021-10-10 20:20:09,-34.5322,20.0403,62.28,85,54,3.31
114,Pringsewu,ID,2021-10-10 20:20:11,-5.3582,104.9744,74.73,95,100,3.83
115,Sabha,LY,2021-10-10 20:20:12,27.0377,14.4283,79.68,12,0,12.71
116,Longyearbyen,SJ,2021-10-10 20:20:13,78.2186,15.6401,22.84,86,75,6.91
117,Alofi,NU,2021-10-10 20:20:15,-19.0595,-169.9187,75.09,94,90,2.3
118,Ancud,CL,2021-10-10 20:20:16,-41.8697,-73.8203,55.42,76,100,7.96
119,Lang Son,VN,2021-10-10 20:20:18,21.8333,106.7333,71.28,99,100,5.01
120,Tiksi,RU,2021-10-10 20:20:19,71.6872,128.8694,28.65,97,100,5.46
121,Sotouboua,TG,2021-10-10 20:20:20,8.5667,0.9833,73.81,92,56,4.97
122,Maceio,BR,2021-10-10 20:20:22,-9.6658,-35.7353,81.84,78,20,12.66
123,Arraial Do Cabo,BR,2021-10-10 20:20:23,-22.9661,-42.0278,66.16,94,90,13.8
124,Tabou,CI,2021-10-10 20:20:25,4.423,-7.3528,78.03,89,100,9.19
125,Sembe,CG,2021-10-10 20:20:26,1.6481,14.5806,70.56,99,100,3.36
126,Itarema,BR,2021-10-10 20:20:28,-2.9248,-39.9167,81.16,72,6,18.39
127,Saint-Joseph,RE,2021-10-10 20:20:29,-21.3667,55.6167,70.16,84,5,7.49
128,Bongandanga,CD,2021-10-10 20:20:31,1.5,21.05,72.0,89,90,3.4
129,Pacific Grove,US,2021-10-10 20:20:33,36.6177,-121.9166,82.62,71,1,1.01
130,Yulara,AU,2021-10-10 20:20:34,-25.2406,130.9889,53.44,71,3,9.22
131,Hilo,US,2021-10-10 20:20:34,19.7297,-155.09,78.28,91,90,5.75
132,Cidreira,BR,2021-10-10 20:20:36,-30.1811,-50.2056,65.62,77,100,18.95
133,Taltal,CL,2021-10-10 20:20:37,-25.4,-70.4833,67.15,51,12,6.06
134,Fukue,JP,2021-10-10 20:20:39,32.6881,128.8419,77.45,74,3,0.76
135,Linkoping,SE,2021-10-10 20:20:39,58.4109,15.6216,49.98,80,90,6.91
136,Pitimbu,BR,2021-10-10 20:20:40,-7.4706,-34.8086,81.19,76,55,8.99
137,Faanui,PF,2021-10-10 20:20:42,-16.4833,-151.75,78.94,75,24,12.88
138,Sao Miguel Do Araguaia,BR,2021-10-10 20:20:43,-13.275,-50.1628,94.93,27,80,3.2
139,Soritor,PE,2021-10-10 20:20:45,-6.1392,-77.1039,78.87,78,81,1.97
140,Hobyo,SO,2021-10-10 20:20:46,5.3505,48.5268,78.84,88,42,18.12
141,Haines Junction,CA,2021-10-10 20:20:48,60.7522,-137.5108,35.55,69,29,3.44
142,Port Elizabeth,ZA,2021-10-10 20:20:49,-33.918,25.5701,61.09,72,40,18.41
143,Maroantsetra,MG,2021-10-10 20:20:51,-15.4333,49.7333,67.5,81,32,0.54
144,Ziro,IN,2021-10-10 20:20:52,27.6333,93.8333,54.03,96,9,2.21
145,Hirara,JP,2021-10-10 20:20:05,24.8,125.2833,81.88,85,100,34.05
146,Hopewell,US,2021-10-10 20:20:52,37.3043,-77.2872,78.71,83,99,10.71
147,Narsaq,GL,2021-10-10 20:20:53,60.9167,-46.05,34.02,47,34,0.31
148,Port Shepstone,ZA,2021-10-10 20:20:55,-30.7414,30.455,63.07,56,100,5.12
149,Severo-Yeniseyskiy,RU,2021-10-10 20:20:56,60.3725,93.0408,22.08,88,100,7.52
150,Tuatapere,NZ,2021-10-10 20:20:58,-46.1333,167.6833,46.81,96,100,4.25
151,Ostrovnoy,RU,2021-10-10 20:20:58,68.0531,39.5131,42.73,94,100,4.7
152,Vikravandi,IN,2021-10-10 20:21:00,12.0333,79.55,78.91,83,99,6.51
153,Chumikan,RU,2021-10-10 20:21:00,54.7183,135.315,37.94,93,100,6.87
154,Reforma,MX,2021-10-10 20:21:01,18.1,-91.0167,88.23,67,81,3.36
155,Laguna,US,2021-10-10 20:21:02,38.421,-121.4238,80.06,38,1,1.99
156,Kapaa,US,2021-10-10 20:21:03,22.0752,-159.319,80.92,70,40,5.99
157,Wanxian,CN,2021-10-10 20:21:05,30.8039,108.3897,61.99,92,100,5.55
158,Tuktoyaktuk,CA,2021-10-10 20:21:05,69.4541,-133.0374,30.2,86,90,8.05
159,Dikson,RU,2021-10-10 20:21:06,73.5069,80.5464,29.89,66,100,22.97
160,Lompoc,US,2021-10-10 20:21:08,34.6391,-120.4579,85.21,50,1,13.8
161,Victoria,HK,2021-10-10 20:19:43,22.2855,114.1577,81.32,88,100,5.99
162,Namibe,AO,2021-10-10 20:21:09,-15.1961,12.1522,68.86,85,79,6.46
163,Les Cayes,HT,2021-10-10 20:21:11,18.2,-73.75,85.41,64,80,8.23
164,Camopi,GF,2021-10-10 20:21:12,3.1655,-52.3158,86.05,56,98,3.29
165,Ilhabela,BR,2021-10-10 20:21:13,-23.7781,-45.3581,68.13,94,100,8.19
166,Evensk,RU,2021-10-10 20:21:15,61.95,159.2333,25.39,78,99,5.03
167,Delmas,HT,2021-10-10 20:21:16,18.5447,-72.3028,88.52,58,98,11.5
168,Half Moon Bay,US,2021-10-10 20:21:18,37.4636,-122.4286,81.81,62,1,0.0
169,Kamen-Na-Obi,RU,2021-10-10 20:21:19,53.7884,81.3423,41.85,81,100,7.38
170,Pisco,PE,2021-10-10 20:21:20,-13.7,-76.2167,68.05,68,0,6.91
171,Abu Dhabi,AE,2021-10-10 20:17:52,24.4667,54.3667,89.62,58,0,6.91
172,Katsuura,JP,2021-10-10 20:19:01,35.1333,140.3,71.71,72,80,12.97
173,Hermanus,ZA,2021-10-10 20:21:23,-34.4187,19.2345,64.9,68,97,8.99
174,Kawalu,ID,2021-10-10 20:21:24,-7.3817,108.2082,70.16,97,55,0.49
175,Souillac,MU,2021-10-10 20:21:25,-20.5167,57.5167,71.98,94,75,6.91
176,Hede,CN,2021-10-10 20:21:27,33.7681,120.2517,61.65,81,100,13.51
177,Meulaboh,ID,2021-10-10 20:21:27,4.1363,96.1285,76.44,88,100,3.42
178,Ngunguru,NZ,2021-10-10 20:21:27,-35.6167,174.5,56.16,70,7,6.15
179,Panji,ID,2021-10-10 20:21:28,-7.7253,114.0995,75.97,78,73,6.49
180,Pilar,BR,2021-10-10 20:21:28,-9.5972,-35.9567,80.53,72,100,9.57
181,Kushima,JP,2021-10-10 20:21:30,31.4583,131.2333,78.12,94,30,4.16
182,Sandakan,MY,2021-10-10 20:20:48,5.8402,118.1179,80.28,89,20,4.61
183,Pachino,IT,2021-10-10 20:21:31,36.7186,15.0907,63.59,56,0,16.31
184,Jacksonville,US,2021-10-10 20:21:20,30.3322,-81.6556,83.05,66,40,1.99
185,Praia Da Vitoria,PT,2021-10-10 20:21:33,38.7333,-27.0667,72.75,94,75,16.26
186,Chapais,CA,2021-10-10 20:21:34,49.7834,-74.8492,58.78,92,100,7.85
187,Nome,US,2021-10-10 20:19:57,64.5011,-165.4064,34.16,80,75,3.44
188,Kodiak,US,2021-10-10 20:21:36,57.79,-152.4072,45.91,61,1,3.44
189,Lavrentiya,RU,2021-10-10 20:21:37,65.5833,-171.0,28.02,81,26,3.44
190,Port Hedland,AU,2021-10-10 20:21:39,-20.3167,118.5667,66.25,45,73,10.36
191,Troitskiy,RU,2021-10-10 20:21:39,57.0603,63.7481,29.41,65,79,1.3
192,Nemuro,JP,2021-10-10 20:21:16,43.3236,145.575,63.07,91,100,34.83
193,Doka,SD,2021-10-10 20:21:41,13.5167,35.7667,80.04,65,100,4.32
194,Port-Cartier,CA,2021-10-10 20:21:42,50.0334,-66.8654,53.82,77,71,2.1
195,Potiskum,NG,2021-10-10 20:21:43,11.7091,11.0694,84.24,22,100,3.29
196,Taloqan,AF,2021-10-10 20:21:45,36.7361,69.5345,44.64,49,0,2.68
197,Dingle,PH,2021-10-10 20:21:45,10.9995,122.6711,76.57,92,93,9.26
198,Port Blair,IN,2021-10-10 20:21:46,11.6667,92.75,80.87,84,100,17.2
199,Ornskoldsvik,SE,2021-10-10 20:21:46,63.2909,18.7153,53.42,100,75,4.61
200,Ust-Kulom,RU,2021-10-10 20:21:48,61.6864,53.6902,36.1,95,100,6.76
201,Wattegama,LK,2021-10-10 20:21:49,6.7989,81.4808,76.71,81,100,6.17
202,Pak Kret,TH,2021-10-10 20:21:49,13.913,100.4988,83.98,85,20,5.75
203,Abha,SA,2021-10-10 20:21:50,18.2164,42.5053,67.82,24,0,10.36
204,Nanortalik,GL,2021-10-10 20:21:51,60.1432,-45.2371,36.37,62,8,0.16
205,Kieta,PG,2021-10-10 20:21:52,-6.2167,155.6333,78.37,85,89,2.91
206,Guangyuan,CN,2021-10-10 20:21:55,32.442,105.823,51.31,85,100,5.3
207,Palmer,US,2021-10-10 20:21:55,42.1584,-72.3287,63.95,70,90,1.99
208,Buraydah,SA,2021-10-10 20:21:56,26.326,43.975,84.65,15,0,7.31
209,Diglur,IN,2021-10-10 20:21:58,18.55,77.6,73.71,78,77,1.5
210,Padang,ID,2021-10-10 20:17:06,-0.9492,100.3543,75.34,96,100,1.74
211,Port Hardy,CA,2021-10-10 20:21:58,50.6996,-127.4199,51.8,87,75,4.61
212,Gushikawa,JP,2021-10-10 20:21:59,26.3544,127.8686,82.4,86,40,17.27
213,Zhezkazgan,KZ,2021-10-10 20:22:00,47.8043,67.7144,46.81,46,92,8.84
214,Huaraz,PE,2021-10-10 20:22:00,-9.5333,-77.5333,66.04,51,76,2.28
215,Naraini,IN,2021-10-10 20:22:01,25.1833,80.4833,76.84,56,4,2.73
216,Buala,SB,2021-10-10 20:22:02,-8.145,159.5921,80.06,83,97,4.88
217,Marsh Harbour,BS,2021-10-10 20:22:04,26.5412,-77.0636,82.81,61,21,4.32
218,Abu Kamal,SY,2021-10-10 20:22:05,34.4506,40.9171,78.42,18,0,2.73
219,Pasighat,IN,2021-10-10 20:22:06,28.0667,95.3333,75.07,87,7,3.11
220,Marshall,US,2021-10-10 20:22:06,34.3834,-86.3333,85.32,65,1,0.0
221,Pevek,RU,2021-10-10 20:22:07,69.7008,170.3133,22.14,92,100,7.65
222,Sadri,IN,2021-10-10 20:22:09,25.1833,73.4333,80.91,55,19,5.61
223,Sitka,US,2021-10-10 20:22:09,57.0531,-135.33,48.09,76,20,5.75
224,Elliot Lake,CA,2021-10-10 20:22:11,46.3834,-82.6331,64.49,95,100,10.33
225,San Antonio,US,2021-10-10 20:22:11,29.4241,-98.4936,93.9,57,20,16.11
226,Srednekolymsk,RU,2021-10-10 20:22:13,67.45,153.6833,7.45,95,27,3.15
227,Fortuna,US,2021-10-10 20:22:14,40.5982,-124.1573,69.42,61,96,1.01
228,Alice Springs,AU,2021-10-10 20:22:15,-23.7,133.8833,53.15,100,90,8.05
229,Katherine,AU,2021-10-10 20:22:16,-14.4667,132.2667,82.72,65,40,5.75
230,Clyde River,CA,2021-10-10 20:22:16,70.4692,-68.5914,37.63,75,90,5.75
231,Suez,EG,2021-10-10 20:18:04,29.9737,32.5263,70.92,75,0,11.27
232,Upernavik,GL,2021-10-10 20:22:18,72.7868,-56.1549,32.99,98,100,12.15
233,Ayagoz,KZ,2021-10-10 20:22:20,47.9714,80.4392,41.34,72,100,11.34
234,Yaan,NG,2021-10-10 20:22:20,7.3833,8.5667,74.1,93,84,6.04
235,Sambava,MG,2021-10-10 20:22:21,-14.2667,50.1667,69.96,78,62,12.44
236,Kendal,GB,2021-10-10 20:22:23,54.3268,-2.7476,52.74,89,94,4.18
237,Sayyan,YE,2021-10-10 20:22:24,15.1718,44.3244,62.89,37,88,12.75
238,Puerto Ayacucho,VE,2021-10-10 20:22:25,5.6639,-67.6236,81.54,83,100,4.79
239,Pervomayskoye,RU,2021-10-10 20:22:27,43.919,46.7102,54.75,73,81,10.6
240,The Valley,AI,2021-10-10 20:22:28,18.217,-63.0578,84.09,78,40,13.8
241,Pargolovo,RU,2021-10-10 20:22:29,60.0869,30.2718,52.66,78,49,10.09
242,Chicama,PE,2021-10-10 20:22:31,-7.8447,-79.1469,59.54,65,37,10.09
243,Mae Chan,TH,2021-10-10 20:20:13,20.1467,99.8526,73.06,98,100,1.39
244,Juneau,US,2021-10-10 20:22:32,58.3019,-134.4197,46.4,95,90,3.44
245,Ilulissat,GL,2021-10-10 20:22:34,69.2167,-51.1,33.82,80,40,3.44
246,Nishihara,JP,2021-10-10 20:22:36,26.1842,127.7558,82.45,89,75,20.71
247,Muros,ES,2021-10-10 20:22:36,42.7762,-9.0603,69.84,57,0,13.15
248,Hithadhoo,MV,2021-10-10 20:22:37,-0.6,73.0833,82.9,67,98,12.21
249,Maun,BW,2021-10-10 20:22:38,-19.9833,23.4167,72.55,53,0,16.78
250,Lorengau,PG,2021-10-10 20:22:39,-2.0226,147.2712,80.55,77,99,3.42
251,Saint Anthony,US,2021-10-10 20:22:39,45.0205,-93.218,72.25,61,90,5.01
252,Gamba,GA,2021-10-10 20:22:40,-2.65,10.0,76.19,83,100,5.23
253,Road Town,VG,2021-10-10 20:22:42,18.4167,-64.6167,84.29,74,40,11.5
254,Hualmay,PE,2021-10-10 20:22:43,-11.0964,-77.6139,67.87,77,44,10.31
255,Utena,LT,2021-10-10 20:22:45,55.5,25.6,39.69,82,6,7.45
256,Vanimo,PG,2021-10-10 20:22:46,-2.6741,141.3028,79.03,89,100,3.27
257,Dong Xoai,VN,2021-10-10 20:22:46,11.5333,106.9167,74.21,99,100,1.72
258,San Ramon,US,2021-10-10 20:22:46,37.7799,-121.978,80.31,41,1,1.99
259,Takoradi,GH,2021-10-10 20:22:48,4.8845,-1.7554,76.78,90,100,10.63
260,Baijiantan,CN,2021-10-10 20:22:49,45.6333,85.1833,53.64,30,100,11.83
261,Malanville,BJ,2021-10-10 20:22:50,11.8685,3.3899,85.19,41,26,5.75
262,Christchurch,NZ,2021-10-10 20:20:13,-43.5333,172.6333,53.8,85,100,6.91
263,Butoiesti,RO,2021-10-10 20:22:51,44.5833,23.3667,49.08,37,100,12.19
264,Shingu,JP,2021-10-10 20:18:07,33.7333,135.9833,67.84,90,0,4.59
265,Asau,RO,2021-10-10 20:22:53,46.4333,26.4,41.76,78,18,2.48
266,Bethel,US,2021-10-10 20:22:54,41.3712,-73.414,64.76,89,90,1.01
267,Georgiyevka,KZ,2021-10-10 20:22:55,43.0369,74.7114,42.84,87,75,4.47
268,Acarau,BR,2021-10-10 20:22:15,-2.8856,-40.12,81.45,73,7,20.38
269,Portland,US,2021-10-10 20:22:56,45.5234,-122.6762,60.84,77,75,1.01
270,Betioky,MG,2021-10-10 20:22:56,-23.7167,44.3833,66.15,81,59,4.76
271,Bakchar,RU,2021-10-10 20:22:59,57.0186,82.0711,26.65,82,98,3.8
272,Le Creusot,FR,2021-10-10 20:23:00,46.8071,4.4163,46.94,86,3,4.05
273,Lagoa,PT,2021-10-10 20:23:01,39.05,-27.9833,71.08,86,100,23.24
274,Pangnirtung,CA,2021-10-10 20:23:03,66.1451,-65.7125,30.2,100,90,5.75
275,Baykit,RU,2021-10-10 20:23:04,61.67,96.37,23.56,83,83,6.58
276,Salalah,OM,2021-10-10 20:23:06,17.0151,54.0924,80.69,83,75,5.75
277,Berbera,SO,2021-10-10 20:23:07,10.4396,45.0143,89.26,61,17,4.63
278,Bathsheba,BB,2021-10-10 20:23:09,13.2167,-59.5167,81.21,89,75,14.97
279,Dabat,ET,2021-10-10 20:23:10,12.9842,37.765,55.08,76,21,3.27
280,Port Hawkesbury,CA,2021-10-10 20:23:12,45.6169,-61.3485,58.91,67,1,3.0
281,Panzhihua,CN,2021-10-10 20:18:32,26.5851,101.7128,67.21,85,100,2.73
282,Kavieng,PG,2021-10-10 20:23:13,-2.5744,150.7967,81.88,76,52,6.91
283,Jiuquan,CN,2021-10-10 20:23:15,39.7432,98.5174,39.78,23,0,2.53
284,Hue,VN,2021-10-10 20:19:02,16.4667,107.6,78.91,94,40,2.3
285,Bangassou,CF,2021-10-10 20:23:16,4.7413,22.8184,72.41,97,100,2.15
286,Yerbogachen,RU,2021-10-10 20:23:17,61.2767,108.0108,30.94,80,99,11.97
287,Tres Arroyos,AR,2021-10-10 20:23:19,-38.3739,-60.2798,62.94,68,100,11.81
288,Saskylakh,RU,2021-10-10 20:23:21,71.9167,114.0833,14.65,96,100,6.85
289,Beringovskiy,RU,2021-10-10 20:23:22,63.05,179.3167,29.59,85,100,13.2
290,Mar Del Plata,AR,2021-10-10 20:22:55,-38.0023,-57.5575,59.02,28,20,15.01
291,Soderhamn,SE,2021-10-10 20:23:24,61.3037,17.0592,51.04,79,100,13.6
292,Balkanabat,TM,2021-10-10 20:23:25,39.5108,54.3671,56.43,23,3,7.56
293,Chany,RU,2021-10-10 20:23:27,55.3121,76.7647,33.42,73,100,11.5
294,Vagay,RU,2021-10-10 20:23:28,57.9375,69.0217,27.63,80,10,3.18
295,Vestmannaeyjar,IS,2021-10-10 20:23:30,63.4427,-20.2734,43.63,71,65,15.19
296,Trat,TH,2021-10-10 20:23:31,12.5,102.5,82.9,97,100,2.75
297,Helong,CN,2021-10-10 20:23:31,42.5397,128.9972,41.68,72,0,6.46
298,Viedma,AR,2021-10-10 20:23:32,-40.8135,-62.9967,78.39,21,0,14.41
299,Lanzhou,CN,2021-10-10 20:23:34,36.0564,103.7922,40.28,66,45,1.25
300,Kenai,US,2021-10-10 20:23:34,60.5544,-151.2583,49.08,70,1,10.36
301,Gazanjyk,TM,2021-10-10 20:23:35,39.2446,55.5154,51.84,26,6,10.18
302,Homer,US,2021-10-10 20:23:37,59.6425,-151.5483,48.07,79,75,16.11
303,Beyneu,KZ,2021-10-10 20:23:38,45.3167,55.2,51.76,44,96,7.38
304,Lima,PE,2021-10-10 20:23:40,-12.0432,-77.0282,63.14,77,90,10.36
305,Suffolk,US,2021-10-10 20:23:41,40.8668,-72.7996,66.42,93,90,8.01
306,Guerrero Negro,MX,2021-10-10 20:20:39,27.9769,-114.0611,79.88,44,0,10.2
307,Ratnagiri,IN,2021-10-10 20:23:42,16.9833,73.3,78.31,88,100,2.73
308,Antofagasta,CL,2021-10-10 20:19:39,-23.65,-70.4,68.22,60,11,10.29
309,Phuthaditjhaba,ZA,2021-10-10 20:23:43,-28.5242,28.8158,48.27,71,0,4.79
310,Wilmington,US,2021-10-10 20:23:45,34.2257,-77.9447,77.86,76,99,3.0
311,San Patricio,US,2021-10-10 20:23:46,28.017,-97.5169,96.78,57,42,20.76
312,Rudnogorsk,RU,2021-10-10 20:23:47,57.2639,103.7519,38.26,92,100,11.3
313,Labuhan,ID,2021-10-10 20:23:48,-6.8844,112.2051,77.76,78,80,8.46
314,Corn Island,NI,2021-10-10 20:23:49,12.1694,-83.0418,82.47,79,100,12.64
315,Las Palmas,ES,2021-10-10 20:23:50,28.4204,-14.0131,70.59,68,40,16.11
316,Makokou,GA,2021-10-10 20:23:51,0.5738,12.8642,69.89,98,100,2.95
317,Coruripe,BR,2021-10-10 20:23:52,-10.1256,-36.1756,78.08,74,100,10.92
318,Bardiyah,LY,2021-10-10 20:23:54,31.7561,25.0865,75.11,70,0,11.21
319,Hamilton,US,2021-10-10 20:20:13,39.1834,-84.5333,85.21,62,1,1.99
320,Vardo,NO,2021-10-10 20:23:56,70.3705,31.1107,44.58,87,75,5.75
321,Fuerte Olimpo,PY,2021-10-10 20:23:57,-21.0415,-57.8738,81.68,80,73,4.99
322,Jati,PK,2021-10-10 20:23:59,24.3539,68.2671,79.81,77,0,11.81
323,Lakes Entrance,AU,2021-10-10 20:23:59,-37.8811,147.981,43.57,91,18,8.59
324,Praxedis Guerrero,MX,2021-10-10 20:23:59,31.3667,-106.0167,77.52,16,0,29.64
325,Dunedin,NZ,2021-10-10 20:20:29,-45.8742,170.5036,53.92,68,100,2.98
326,Bonavista,CA,2021-10-10 20:24:00,48.6499,-53.1147,46.11,72,90,29.01
327,Tambura,SS,2021-10-10 20:24:02,5.6,27.4667,70.95,97,100,3.04
328,College,US,2021-10-10 20:24:04,64.8569,-147.8028,37.06,95,90,6.91
329,Adrar,MR,2021-10-10 20:24:05,20.5022,-10.0711,89.04,11,98,3.38
330,Nikolskoye,RU,2021-10-10 20:24:06,59.7035,30.7861,52.88,68,18,8.93
331,Amahai,ID,2021-10-10 20:24:08,-3.3333,128.9167,78.31,86,100,2.93
332,Mahibadhoo,MV,2021-10-10 20:24:09,3.7833,72.9667,82.29,78,85,14.79
333,Tokur,RU,2021-10-10 20:24:09,53.1333,132.9,28.45,98,100,4.09
334,Honningsvag,NO,2021-10-10 20:24:10,70.9821,25.9704,42.55,93,0,16.11
335,Kitimat,CA,2021-10-10 20:24:12,54.0524,-128.6534,46.78,88,99,4.54
336,Aloleng,PH,2021-10-10 20:24:13,16.1307,119.7824,82.99,81,100,22.35
337,Olafsvik,IS,2021-10-10 20:24:13,64.8945,-23.7142,40.08,60,31,2.28
338,Nizwa,OM,2021-10-10 20:24:15,22.9333,57.5333,85.1,35,0,3.78
339,Ternate,ID,2021-10-10 20:24:16,0.8,127.4,81.21,81,100,3.31
340,Dauphin,CA,2021-10-10 20:24:16,51.1494,-100.0502,60.94,41,1,5.75
341,Berlevag,NO,2021-10-10 20:24:17,70.8578,29.0864,42.75,81,75,10.36
342,Luis Correia,BR,2021-10-10 20:24:19,-2.8792,-41.6669,84.2,74,40,17.27
343,Plettenberg Bay,ZA,2021-10-10 20:24:20,-34.0527,23.3716,60.6,64,35,6.24
344,Barcelona,ES,2021-10-10 20:20:30,41.3888,2.159,67.32,77,75,1.01
345,Belaya Gora,RU,2021-10-10 20:24:22,68.5333,146.4167,19.44,74,100,3.24
346,Luderitz,NA,2021-10-10 20:24:24,-26.6481,15.1594,70.45,41,11,6.44
347,Fort Nelson,CA,2021-10-10 20:24:25,58.8053,-122.7002,44.19,57,75,11.5
348,Obuasi,GH,2021-10-10 20:24:27,6.206,-1.6619,72.64,97,100,2.66
349,Mandapam,IN,2021-10-10 20:24:29,9.2833,79.1167,84.02,78,100,12.97
350,Dolores,AR,2021-10-10 20:24:29,-36.3132,-57.6792,62.87,67,58,12.06
351,Neuquen,AR,2021-10-10 20:23:01,-38.9516,-68.0591,82.29,26,20,6.91
352,Le Port,RE,2021-10-10 20:24:31,-20.9373,55.2919,71.56,78,2,1.05
353,Molde,NO,2021-10-10 20:24:32,62.7375,7.1591,50.97,76,75,13.8
354,Kahului,US,2021-10-10 20:24:33,20.8947,-156.47,83.46,74,40,21.85
355,Matale,LK,2021-10-10 20:24:36,7.4721,80.6234,72.1,90,88,4.45
356,Vilaka,LV,2021-10-10 20:24:36,57.1846,27.6722,39.52,76,2,5.93
357,Abu Samrah,SY,2021-10-10 20:24:37,35.3029,37.1841,73.9,22,44,2.21
358,Camacha,PT,2021-10-10 20:24:38,33.0833,-16.3333,69.53,73,20,11.5
359,Umm Lajj,SA,2021-10-10 20:24:40,25.0213,37.2685,87.6,53,0,7.11
360,Hasaki,JP,2021-10-10 20:24:41,35.7333,140.8333,64.69,71,57,15.41
361,Tiznit,MA,2021-10-10 20:24:41,29.5833,-9.5,70.79,52,100,2.1
362,Kaitangata,NZ,2021-10-10 20:24:43,-46.2817,169.8464,50.67,78,100,3.38
363,Nioro,GM,2021-10-10 20:24:43,13.35,-15.75,80.42,79,95,6.6
364,Kupang,ID,2021-10-10 20:24:44,-10.1667,123.5833,75.58,84,91,4.85
365,Touros,BR,2021-10-10 20:24:45,-5.1989,-35.4608,83.3,69,27,12.75
366,Cuenca,EC,2021-10-10 20:24:46,-2.8833,-78.9833,59.13,82,90,0.0
367,Baruun-Urt,MN,2021-10-10 20:24:48,46.6806,113.2792,34.12,50,0,8.84
368,Husavik,IS,2021-10-10 20:24:48,66.0449,-17.3389,35.51,97,100,1.21
369,Kirakira,SB,2021-10-10 20:24:49,-10.4544,161.9205,78.62,84,90,3.4
370,Chokurdakh,RU,2021-10-10 20:24:50,70.6333,147.9167,16.18,90,100,5.7
371,Thinadhoo,MV,2021-10-10 20:24:51,0.5333,72.9333,83.21,69,100,14.14
372,Deputatskiy,RU,2021-10-10 20:24:52,69.3,139.9,19.13,85,100,3.67
373,Bud,US,2021-10-10 20:24:54,39.447,-86.1758,84.83,63,62,12.88
374,Caravelas,BR,2021-10-10 20:24:55,-17.7125,-39.2481,73.31,87,100,8.52
375,Umred,IN,2021-10-10 20:24:56,20.85,79.3333,75.49,71,15,4.23
376,Kloulklubed,PW,2021-10-10 20:24:57,7.0419,134.2556,73.9,74,91,11.95
377,Whitianga,NZ,2021-10-10 20:24:57,-36.8333,175.7,60.03,66,20,8.16
378,Hovd,MN,2021-10-10 20:24:57,48.0056,91.6419,34.43,36,34,1.54
379,Kresna,BG,2021-10-10 20:24:58,41.7333,23.15,54.23,95,100,2.77
380,Yarmouth,US,2021-10-10 20:24:59,41.7057,-70.2286,63.34,87,90,1.99
381,Morehead,US,2021-10-10 20:25:00,37.2711,-87.1764,88.3,48,1,3.0
382,Awjilah,LY,2021-10-10 20:25:01,29.1081,21.2869,80.24,25,0,8.59
383,Kuching,MY,2021-10-10 20:20:37,1.55,110.3333,77.22,88,20,2.3
384,Mount Gambier,AU,2021-10-10 20:25:03,-37.8333,140.7667,35.51,100,99,3.44
385,Huilong,CN,2021-10-10 20:25:04,31.8111,121.655,74.03,88,100,23.71
386,Windsor,CA,2021-10-10 20:25:04,42.3001,-83.0165,81.37,76,1,3.0
387,Mount Isa,AU,2021-10-10 20:25:06,-20.7333,139.5,67.77,94,90,9.22
388,Chuy,UY,2021-10-10 20:25:06,-33.6971,-53.4616,61.84,76,93,15.9
389,Nicoya,CR,2021-10-10 20:25:08,10.1483,-85.452,89.15,75,85,3.33
390,Verkh-Usugli,RU,2021-10-10 20:25:09,52.7,115.1667,29.82,82,11,3.65
391,Kurilsk,RU,2021-10-10 20:25:10,45.2333,147.8833,61.52,92,100,21.27
392,Xinqing,CN,2021-10-10 20:25:10,48.2333,129.5,38.46,81,0,10.0
393,Esmeraldas,BR,2021-10-10 20:25:11,-19.7625,-44.3139,74.26,79,100,6.76
394,Tsiroanomandidy,MG,2021-10-10 20:25:12,-18.7667,46.0333,71.62,67,49,6.93
395,Mahebourg,MU,2021-10-10 20:25:14,-20.4081,57.7,71.89,94,75,6.91
396,Tomatlan,MX,2021-10-10 20:25:15,19.9333,-105.25,88.02,69,100,4.76
397,Hima,UG,2021-10-10 20:25:16,0.2958,30.1804,67.17,96,98,2.95
398,Kavadarci,MK,2021-10-10 20:25:18,41.4331,22.0119,54.93,97,100,2.53
399,Marsa Matruh,EG,2021-10-10 20:25:19,31.3525,27.2453,73.6,83,0,2.3
400,Vila Franca Do Campo,PT,2021-10-10 20:25:21,37.7167,-25.4333,70.21,87,100,9.84
401,Selfoss,IS,2021-10-10 20:25:22,63.9331,-20.9971,41.04,78,30,7.38
402,Manaus,BR,2021-10-10 20:25:24,-3.1019,-60.025,93.69,49,20,3.44
403,Iringa,TZ,2021-10-10 20:25:26,-7.7667,35.7,64.58,57,99,10.63
404,Wakkanai,JP,2021-10-10 20:25:27,45.4094,141.6739,57.78,65,100,27.04
405,Havelock,US,2021-10-10 20:25:28,34.8791,-76.9013,77.23,87,90,7.0
406,Terra Santa,BR,2021-10-10 20:25:29,-2.1042,-56.4869,95.31,37,100,3.44
407,Palaikastron,GR,2021-10-10 20:25:30,35.2,26.25,71.74,75,0,4.47
408,Camalu,MX,2021-10-10 20:25:31,30.85,-116.0667,82.42,48,0,7.87
409,Shaunavon,CA,2021-10-10 20:25:32,49.6501,-108.4181,64.18,28,47,24.02
410,Yarkovo,RU,2021-10-10 20:25:33,57.4028,67.0786,27.63,76,11,3.04
411,Bitung,ID,2021-10-10 20:25:35,1.4451,125.1824,76.05,81,94,8.08
412,Tumba,SE,2021-10-10 20:25:35,59.1986,17.8332,53.02,68,0,11.5
413,Ginda,IN,2021-10-10 20:25:36,30.6945,78.4932,56.44,47,0,6.98
414,Rincon,US,2021-10-10 20:25:36,32.296,-81.2354,84.65,65,40,1.99
415,Petropavlovsk-Kamchatskiy,RU,2021-10-10 20:22:29,53.0452,158.6483,39.79,100,90,13.42
416,Ryazhsk,RU,2021-10-10 20:25:38,53.7038,40.1109,37.58,61,9,2.51
417,Kota Bahru,MY,2021-10-10 20:22:12,6.1333,102.2386,76.95,100,99,0.0
418,Samoylovka,RU,2021-10-10 20:25:39,51.184,43.7081,44.33,55,0,4.79
419,Son La,VN,2021-10-10 20:25:41,21.3167,103.9,67.71,99,100,3.02
420,Pailon,BO,2021-10-10 20:25:41,-17.65,-62.75,96.48,29,77,11.23
421,Kutum,SD,2021-10-10 20:25:42,14.2,24.6667,84.81,19,80,17.34
422,Luis Gil Perez,MX,2021-10-10 20:25:44,17.8667,-93.05,91.36,68,25,4.12
423,Coquimbo,CL,2021-10-10 20:25:45,-29.9533,-71.3436,65.93,36,0,18.41
424,Atambua,ID,2021-10-10 20:25:47,-9.1061,124.8925,73.29,81,98,2.48
425,Snasa,NO,2021-10-10 20:25:47,64.2457,12.3778,42.21,93,100,4.25
426,Rochegda,RU,2021-10-10 20:25:48,62.8,43.25,49.37,89,100,10.09
427,Hami,CN,2021-10-10 20:25:49,42.8,93.45,48.78,25,6,7.49
428,Bac Lieu,VN,2021-10-10 20:21:24,9.285,105.7244,79.12,86,100,10.54
429,Sovetskiy,RU,2021-10-10 20:25:50,61.3614,63.5842,28.96,57,8,4.21
430,Belmonte,BR,2021-10-10 20:25:51,-15.8631,-38.8828,77.0,89,75,9.84
431,Te Anau,NZ,2021-10-10 20:25:53,-45.4167,167.7167,42.24,97,100,1.21
432,Monterey,US,2021-10-10 20:24:40,36.2505,-121.2516,76.26,34,0,3.27
433,Hillsborough,US,2021-10-10 20:25:54,37.5741,-122.3794,80.22,62,1,1.99
434,Sikasso,ML,2021-10-10 20:25:55,10.9167,-7.0,80.87,69,100,4.81
435,Tonj,SS,2021-10-10 20:25:56,7.2737,28.6822,72.34,95,98,4.29
436,Ponta Delgada,PT,2021-10-10 20:25:58,37.7333,-25.6667,70.52,94,75,3.44
437,Rio Gallegos,AR,2021-10-10 20:25:59,-51.6226,-69.2181,53.65,40,20,14.97
438,Itupiranga,BR,2021-10-10 20:26:01,-5.1347,-49.3267,91.72,50,100,2.46
439,Laizhou,CN,2021-10-10 20:26:03,37.1717,119.9214,56.7,58,86,5.75
440,Boffa,GN,2021-10-10 20:26:03,10.1667,-14.0333,81.5,88,95,3.11
441,San Carlos De Bariloche,AR,2021-10-10 20:26:05,-41.1456,-71.3082,62.35,31,20,27.63
442,Mozarlandia,BR,2021-10-10 20:26:06,-14.7447,-50.5706,90.73,35,100,2.77
443,Karak,JO,2021-10-10 20:26:08,31.1667,35.75,61.52,35,0,3.62
444,Faizpur,IN,2021-10-10 20:26:09,21.1667,75.85,79.56,65,79,1.99
445,Aleksandrov Gay,RU,2021-10-10 20:26:09,50.147,48.5704,47.86,46,2,4.72
446,Batticaloa,LK,2021-10-10 20:26:10,7.7102,81.6924,80.85,75,100,7.38
447,Severo-Kurilsk,RU,2021-10-10 20:26:11,50.6789,156.125,47.32,94,100,26.11
448,Nara,JP,2021-10-10 20:26:12,34.6851,135.8049,72.68,71,0,2.66
449,Kita,ML,2021-10-10 20:26:13,13.0349,-9.4895,77.81,74,100,4.63
450,South Bradenton,US,2021-10-10 20:26:14,27.4631,-82.5818,89.17,56,40,4.0
451,Sile,TR,2021-10-10 20:26:15,41.1754,29.6133,63.57,76,100,7.0
452,Niceville,US,2021-10-10 20:26:16,30.5169,-86.4822,88.75,59,1,6.91
453,Saint-Francois,FR,2021-10-10 20:26:18,46.4154,3.9054,47.68,91,4,3.44
454,Los Llanos De Aridane,ES,2021-10-10 20:26:19,28.6585,-17.9182,69.55,81,20,16.11
455,Cabedelo,BR,2021-10-10 20:26:20,-6.9811,-34.8339,81.27,71,42,9.8
456,Kilindoni,TZ,2021-10-10 20:26:22,-7.9139,39.6668,77.72,80,75,15.59
457,Mosquera,CO,2021-10-10 20:26:24,4.7059,-74.2302,60.49,82,80,4.54
458,Santa Cruz,BO,2021-10-10 20:26:26,-17.8,-63.1667,95.05,46,40,16.11
459,San Cristobal,VE,2021-10-10 20:26:27,7.7669,-72.225,80.78,84,81,1.3
460,Sulangan,PH,2021-10-10 20:26:28,11.1373,123.7228,82.56,77,76,19.55
461,Moerai,PF,2021-10-10 20:26:28,-22.4333,-151.3333,73.8,75,100,11.79
462,Kavaratti,IN,2021-10-10 20:26:30,10.5669,72.642,82.09,82,98,13.65
463,Chase,CA,2021-10-10 20:26:30,50.8165,-119.6857,53.38,44,86,7.61
464,Kohtla-Jarve,EE,2021-10-10 20:26:31,59.3986,27.2731,47.55,72,8,14.61
465,Mandera,KE,2021-10-10 20:26:32,3.9366,41.867,89.73,40,100,15.43
466,Sao Paulo De Olivenca,BR,2021-10-10 20:26:34,-3.3783,-68.8725,86.68,62,97,1.81
467,Were Ilu,ET,2021-10-10 20:26:35,10.6,39.4333,51.26,91,89,5.68
468,Pedernales,DO,2021-10-10 20:26:37,18.0384,-71.744,86.45,61,70,5.88
469,Sfantu Gheorghe,RO,2021-10-10 20:26:38,45.8667,25.7833,41.94,52,90,5.68
470,At-Bashi,KG,2021-10-10 20:26:39,41.1702,75.8106,32.9,87,82,4.68
471,Peniche,PT,2021-10-10 20:26:39,39.3558,-9.3811,71.62,87,11,2.89
472,Eureka,US,2021-10-10 20:26:40,40.8021,-124.1637,63.12,82,88,10.0
473,Bintulu,MY,2021-10-10 20:23:49,3.1667,113.0333,77.41,88,20,5.75
474,Vienne,AT,2021-10-10 20:26:42,48.2085,16.3721,52.59,70,75,1.01
475,Zaykovo,RU,2021-10-10 20:26:44,57.5613,62.7568,28.63,65,54,0.67
476,Danville,US,2021-10-10 20:26:46,36.586,-79.395,76.24,73,90,12.66
477,San Policarpo,PH,2021-10-10 20:26:47,12.1791,125.5072,80.04,82,64,10.31
478,Fort Collins,US,2021-10-10 20:26:47,40.5853,-105.0844,71.58,32,1,7.0
479,Ossora,RU,2021-10-10 20:26:48,59.2353,163.0719,31.55,78,14,3.02
480,Ondjiva,AO,2021-10-10 20:26:50,-17.0667,15.7333,78.84,13,2,8.88
481,Liberal,US,2021-10-10 20:26:51,37.0431,-100.921,59.14,94,90,12.66
482,Taoudenni,ML,2021-10-10 20:26:52,22.6783,-3.9836,94.93,9,59,8.72
483,Surt,LY,2021-10-10 20:26:54,31.2089,16.5887,77.25,64,91,6.96
484,Lac-Megantic,CA,2021-10-10 20:26:55,45.5834,-70.8823,59.52,68,100,4.12
485,Acapulco,MX,2021-10-10 20:26:56,16.8634,-99.8901,87.62,66,40,8.05
486,Fonte Boa,BR,2021-10-10 20:26:57,-2.4959,-66.2662,92.97,47,56,3.58
487,Dekar,BW,2021-10-10 20:26:59,-21.5333,21.9333,70.77,10,0,7.99
488,Viga,PH,2021-10-10 20:27:00,13.8719,124.3091,80.13,86,100,11.12
489,Lempaala,FI,2021-10-10 20:27:00,61.3167,23.75,51.1,82,75,12.66
490,Nampula,MZ,2021-10-10 20:27:02,-15.1165,39.2666,75.15,64,0,12.66
491,Bom Despacho,BR,2021-10-10 20:27:03,-19.7364,-45.2522,71.8,80,100,8.23
492,Kununurra,AU,2021-10-10 20:27:05,-15.7667,128.7333,80.58,69,90,1.14
493,Cherskiy,RU,2021-10-10 20:27:05,68.75,161.3,0.37,98,89,5.68
494,Ferkessedougou,CI,2021-10-10 20:27:07,9.6,-5.2,75.13,91,100,5.28
495,Tsabong,BW,2021-10-10 20:27:08,-26.0217,22.401,68.36,10,2,8.68
496,Russell,US,2021-10-10 20:27:10,32.3502,-85.1999,83.97,58,75,4.61
497,Murighiol,RO,2021-10-10 20:27:11,45.0333,29.1667,39.69,65,99,5.57
498,Ibirite,BR,2021-10-10 20:27:12,-20.0219,-44.0589,72.91,78,75,8.05
499,Kysyl-Syr,RU,2021-10-10 20:27:14,63.8986,122.7617,32.18,89,100,8.99
500,Ondo,NG,2021-10-10 20:23:29,7.1,4.8333,72.77,98,93,2.57
501,Sumbuya,SL,2021-10-10 20:27:16,7.6467,-11.9611,75.72,95,24,3.4
502,Esso,RU,2021-10-10 20:27:17,55.9333,158.7,24.26,90,100,3.87
503,Xinglongshan,CN,2021-10-10 20:27:19,43.9561,125.4661,38.93,72,0,2.24
504,Jaffna,LK,2021-10-10 20:27:19,9.6685,80.0074,81.82,83,99,15.88
505,Xai-Xai,MZ,2021-10-10 20:27:19,-25.0519,33.6442,68.41,55,72,17.47
506,Illapel,CL,2021-10-10 20:27:21,-31.6308,-71.1653,69.53,36,0,8.95
507,Nogliki,RU,2021-10-10 20:27:22,51.8333,143.1667,45.39,90,99,18.75
508,Bone,DE,2021-10-10 20:27:22,51.9669,12.1396,45.27,59,81,5.93
509,Palmerston,AU,2021-10-10 20:27:24,-12.486,130.9833,82.38,81,75,3.44
510,Bentiu,SS,2021-10-10 20:27:24,9.2333,29.8333,76.75,84,46,5.03
511,Virginia Beach,US,2021-10-10 20:27:26,36.8529,-75.978,79.02,78,90,4.0
512,Erdemli,TR,2021-10-10 20:27:27,36.605,34.3084,76.53,38,3,4.34
513,Kalmunai,LK,2021-10-10 20:27:28,7.4167,81.8167,81.23,77,99,3.51
514,Luba,GQ,2021-10-10 20:27:28,3.4568,8.5547,78.1,85,100,3.22
515,Menongue,AO,2021-10-10 20:27:30,-14.6585,17.691,76.32,22,45,6.29
516,Huarmey,PE,2021-10-10 20:27:31,-10.0681,-78.1522,69.08,77,59,9.98
517,Shahrud,IR,2021-10-10 20:27:33,36.4182,54.9763,49.42,50,0,3.89
518,Otjiwarongo,NA,2021-10-10 20:27:34,-20.4637,16.6477,74.03,10,1,12.17
519,Obanazawa,JP,2021-10-10 20:26:03,38.6033,140.4019,62.55,92,11,3.62
520,Manzhouli,CN,2021-10-10 20:27:36,49.6,117.4333,37.45,65,0,7.63
521,Mamlyutka,KZ,2021-10-10 20:27:36,54.9375,68.5394,31.01,69,59,6.6
522,Tete,MZ,2021-10-10 20:27:38,-16.1564,33.5867,80.67,41,0,16.15
523,Shakawe,BW,2021-10-10 20:27:39,-18.3667,21.85,73.71,9,0,6.71
524,Ahipara,NZ,2021-10-10 20:27:41,-35.1667,173.1667,57.67,67,77,5.91
525,Itoman,JP,2021-10-10 20:27:42,26.1247,127.6694,83.17,86,75,18.41
526,Krasnyy Chikoy,RU,2021-10-10 20:27:42,50.3643,108.7512,31.01,82,9,3.58
527,Hamadan,IR,2021-10-10 20:27:42,34.7992,48.5146,52.3,43,0,4.03
528,Kangaatsiaq,GL,2021-10-10 20:27:43,68.3065,-53.4641,34.39,68,100,7.29
529,Moose Factory,CA,2021-10-10 20:27:45,51.2585,-80.6094,73.4,68,40,8.05
530,Hay River,CA,2021-10-10 20:27:46,60.8156,-115.7999,39.18,75,75,17.27
531,Akureyri,IS,2021-10-10 20:27:47,65.6835,-18.0878,35.53,93,40,1.14
532,Boromo,BF,2021-10-10 20:27:49,11.75,-2.9333,81.66,65,100,12.37
533,Kambar,PK,2021-10-10 20:27:50,27.5868,68.001,80.56,16,0,4.32
534,Kintampo,GH,2021-10-10 20:27:51,8.0563,-1.7306,75.18,89,100,6.38
535,Grindavik,IS,2021-10-10 20:27:52,63.8424,-22.4338,40.95,100,75,2.3
536,Seryshevo,RU,2021-10-10 20:27:53,51.0933,128.3786,35.73,84,11,9.37
537,Saint-Augustin,CA,2021-10-10 20:27:54,51.226,-58.6502,55.92,52,76,4.47
538,Cedartown,US,2021-10-10 20:27:55,34.0537,-85.255,83.39,71,6,3.2
539,Yelan-Koleno,RU,2021-10-10 20:27:56,51.1523,41.2306,44.87,55,0,3.6
540,Chara,RU,2021-10-10 20:27:58,56.9064,118.2631,27.36,68,19,4.12
541,Yeppoon,AU,2021-10-10 20:27:59,-23.1333,150.7333,60.58,78,1,4.99
542,Celestun,MX,2021-10-10 20:28:00,20.8667,-90.4,85.06,67,94,9.86
543,Klyuchi,RU,2021-10-10 20:28:01,52.2667,79.1667,44.29,66,100,5.57
544,Yinchuan,CN,2021-10-10 20:28:02,38.4681,106.2731,46.26,44,0,4.14
545,Mokhsogollokh,RU,2021-10-10 20:28:03,61.4681,128.9203,37.04,79,100,10.69
546,Egvekinot,RU,2021-10-10 20:28:05,66.3167,-179.1667,18.91,87,99,8.66
547,Zhigansk,RU,2021-10-10 20:28:07,66.7697,123.3711,33.66,99,100,11.65
548,Nantucket,US,2021-10-10 20:28:08,41.2835,-70.0995,62.96,87,100,22.62
549,Liwale,TZ,2021-10-10 20:28:09,-9.7667,37.9333,70.83,75,25,6.67
550,Kodinsk,RU,2021-10-10 20:28:11,58.6881,99.1844,30.81,90,100,7.36
551,Hudiksvall,SE,2021-10-10 20:28:12,61.729,17.1036,52.0,80,100,13.04
552,Prado,BR,2021-10-10 20:28:13,-17.3411,-39.2208,74.68,83,90,8.61
553,Danielskuil,ZA,2021-10-10 20:28:16,-28.1887,23.5395,60.33,15,5,8.14
554,Mikhaylov,RU,2021-10-10 20:28:17,54.2292,39.0186,43.12,62,19,4.12
555,Dicabisagan,PH,2021-10-10 20:28:18,17.0818,122.4157,76.66,93,100,12.33
556,Talara,PE,2021-10-10 20:28:19,-4.5772,-81.2719,75.96,64,0,13.8
557,Hayden,US,2021-10-10 20:28:20,47.766,-116.7866,61.75,37,40,23.02
558,Paamiut,GL,2021-10-10 20:28:21,61.994,-49.6678,36.46,60,100,8.34
559,Dossor,KZ,2021-10-10 20:28:23,47.5272,52.9811,51.06,35,9,6.17
560,Savalou,BJ,2021-10-10 20:28:24,7.9281,1.9756,75.9,91,26,5.53
561,Arvore,PT,2021-10-10 20:28:26,41.3392,-8.7181,71.98,47,86,6.49
562,High Level,CA,2021-10-10 20:28:27,58.5169,-117.136,50.11,43,20,9.22
563,Hofn,IS,2021-10-10 20:28:29,64.2539,-15.2082,42.76,77,88,11.68
